actors,categories,comments,description,director,image_paths,image_urls,images,points,rank,title,year
,,63259,1947年，年轻有为的大银行副总裁安迪（蒂姆·罗宾斯 饰）因涉嫌枪杀妻子和与之偷情的高尔夫球教练被判处两个无期徒刑，他将在..,,full/1b963aee2bceabe32c7cd53baf29a93ee0de8aa8.jpg,http://img31.mtime.cn/mt/2014/03/07/123549.37376649_96X128.jpg,,9.2,1,肖申克的救赎 The Shawshank Redemption (1994),1994
,,70234,本片被定义为“发生在意识结构内的当代动作科幻片”，诺兰继《黑暗骑士》后再次给我们带来惊喜，带观众游走于梦境与现实之间。,,full/cd7e9d3ff937e1e70a434725f6360d2b34613b56.jpg,http://img31.mtime.cn/mt/2014/01/06/105446.89493583_96X128.jpg,,9.1,2,盗梦空间 Inception (2010),2010
,,52301,他是一个占据着成年人躯体的幼童、一个圣贤级的傻子、一个超越真实的普通人、一个代表着民族个性的小人物。,,full/0c18abadca377fcae2bcf8c2b14a57bd71b89365.jpg,http://img31.mtime.cn/mt/2014/06/17/145457.44209161_96X128.jpg,,9.1,3,阿甘正传 Forrest Gump (1994),1994
,,24527,德国投机商人辛德勒为了赚钱，在自己的工厂中使用廉价的犹太人。面对纳粹的屠杀，辛德勒开始想法保护尽可能多的犹太人。,,full/2d631d31f37fc9babd2b6b5235af1b83dce1b8ed.jpg,http://img31.mtime.cn/mt/2013/11/29/102947.25583478_96X128.jpg,,9.1,4,辛德勒的名单 Schindler's List (1993),1993
,,22213,1945年夏天，美国本部黑手党科莱昂家族首领，“教父”维托·唐·科莱昂为小女儿康妮举行了盛大的婚礼。“教父”有三个儿子：好..,,full/661c8f4ffce55ba584178a92bc89b412e7339832.jpg,http://img31.mtime.cn/mt/2013/12/23/133539.17727433_96X128.jpg,,9.1,5,教父 The Godfather (1972),1972
,,8171,日本的太地町是一个风光秀丽的美丽海湾，然而每年这里有23000头海豚被日本渔民捕杀。本片对这一残忍的行为进行谴责。,,full/658ff60cdba0f0af0e08071a48e0aef6a19746f2.jpg,http://img31.mtime.cn/mt/2016/07/28/145303.88789702_96X128.jpg,,9.1,6,海豚湾 The Cove (2009),2009
,,52798,WALL·E已经在地球上孤独地生活几百年了，他爱上了自己遇见的第一个机器人伊芙，并跟随着她展开了一场充满奇幻的太空之旅。,,full/863ecc9030a0843c0fd2a54fe82b64d6d5b9a886.jpg,http://img31.mtime.cn/mt/2013/11/20/172527.42989246_96X128.jpg,,9.0,7,机器人总动员 WALL·E (2008),2008
,,51924,本片是吕克·贝松在好莱坞执导的第一部作品，非同一般的剧情、人物的精彩演出及出色的配乐使其成为九十年代动作片的经典之作。,,full/50001ab0fd4d4f46c07397a29e1d09cc279f5c96.jpg,http://img31.mtime.cn/mt/2014/09/12/102734.13658001_96X128.jpg,,9.0,8,这个杀手不太冷 Léon (1994),1994
,,31872,继续以拯救生命、打击犯罪为己任的“蝙蝠侠”，遭遇到了最具威胁性的对手“小丑”，一个喜欢将自己的脸上涂满了油彩的犯罪专家。,,full/a4e2cfcaabad3c5f89e0300bfe28f30913707ac0.jpg,http://img31.mtime.cn/mt/2014/02/23/035905.95742424_96X128.jpg,,9.0,9,蝙蝠侠：黑暗骑士 The Dark Knight (2008),2008
,,30746,影片围绕两个京剧艺人半个世纪的悲欢离合，展现了对传统文化、人的生存状态及人性的思考与领悟。,,full/7630ce8a71b7bacff8372980544f5bb7556686f9.jpg,http://img31.mtime.cn/mt/2014/03/12/145818.13256925_96X128.jpg,,9.0,10,霸王别姬 Farewell My Concubine (1993),1993
,,9280,从某种角度来看，影片就是姜文的“成人仪式”，在这个仪式过后，彻底确立了姜文作为一个才情卓绝的导演的独特地位。,,full/e16d91b5e595dfac3de323e110a4fb3bc4b9da72.jpg,http://img31.mtime.cn/mt/2014/02/22/230610.79698700_96X128.jpg,,8.5,91,阳光灿烂的日子 In the Heat of the Sun (1994),1994
,,8488,影片改编自巴西作家帕洛林的同名小说，精彩呈现了跨越1960年到1980年，巴西里约卫星城贫民区的黑街帮派犯罪实录。,,full/3407fca224f0c485d2b5b544fdcefc8049565b55.jpg,http://img31.mtime.cn/mt/2014/02/22/225818.35067028_96X128.jpg,,8.5,92,上帝之城 City of God (2002),2002
,,8329,时间是1984年，地点是在东德柏林，每一次的开头字幕出现的是“公开化无处不在”。全东德百姓被一百万史塔西秘密警察控制着，还..,,full/92b985314c6301412d0b66bf9182a3a64328fec2.jpg,http://img31.mtime.cn/mt/2014/02/23/032927.46582257_96X128.jpg,,8.5,93,窃听风暴 Das Leben der Anderen (2006),2006
,,7688,24岁的理想主义青年克里斯托佛义无反顾的前往荒蛮之地阿拉斯加，将挑战极限的生存方式一直坚持到生命的最后一刻。,,full/5135dec44aa5c084e6aa65b63131800d86eb90db.jpg,http://img31.mtime.cn/mt/2014/07/16/105315.54085005_96X128.jpg,,8.5,94,荒野生存 Into the Wild (2007),2007
,,7385,男人之间的爱情，无论是感情的起浮波折还是调情、斗气和男女之间的爱情一样炽烈感人，十分纯真，完全摆脱了性别枷锁。,,full/11be8065f032810c93e7597978efe748aaaac6e3.jpg,http://img31.mtime.cn/mt/2014/02/22/224231.28364958_96X128.jpg,,8.5,95,春光乍泄 Happy Together (1997),1997
,,6879,改编自史蒂芬·金畅销小说，影片一脉相承了导演达拉邦特前作《肖申克的救赎》里体现的思想精髓，那就是希望无处不在。,,full/826a2821848e08f9a4cb4d46fdb2b287e2618ceb.jpg,http://img31.mtime.cn/mt/2014/02/22/225236.32859555_96X128.jpg,,8.5,96,绿里奇迹 The Green Mile (1999),1999
,,6529,本片为1988年戛纳影展的开幕大片，描述个人难以融入现实社会的困境中，因此转而寻找梦想中的另一种生活，带著浓厚的自传色彩。,,full/980a8cf1e99b524b200100f83460c5956816b237.jpg,http://img31.mtime.cn/mt/2015/04/08/151752.10498184_96X128.jpg,,8.5,97,碧海蓝天 Le Grand Bleu (1988),1988
,,6280,《出租汽车司机》是斯科西斯最具里程碑意义的一部作品，影片所蕴涵的现实意义和深刻思想足以被列为世界百年电影中的极品。,,full/9d32de9aa963b8f5125364a97efa32ab689a17c7.jpg,http://img31.mtime.cn/mt/2014/02/22/224222.52138134_96X128.jpg,,8.5,98,出租车司机 Taxi Driver (1976),1976
,,6224,在《日出之前》过去九年后，杰西和塞琳娜在巴黎重逢。两人将在这里共度一个下午，在日落之前他们会做出怎样的决定？,,full/c6a8eb10dcc8ba25e2c23a5ca713facd4a00dc2b.jpg,http://img31.mtime.cn/mt/2014/02/22/234917.63150133_96X128.jpg,,8.5,99,爱在日落黄昏时 Before Sunset (2004),2004
,,6127,两位旅人，从素不相识到眼光交融，如同旧时的王子和他的灰姑娘，本只有一夜的宿命却因为他的大胆邀约，她的欣然允答得以了延续..,,full/d8eff7bb2d465cde7239c8f3ed2a9407d96b5c2e.jpg,http://img31.mtime.cn/mt/2015/01/26/141827.42841057_96X128.jpg,,8.5,100,爱在黎明破晓前 Before Sunrise (1995),1995
,,20124,影片讲述了一个女芭蕾舞演员的故事，从许多方面看，这部电影都是艺术家对自我世界的一次探索，为了完美而不惜一切代价。,,full/02d8f7322e44ec177133e2a508ecf18a3c595cb6.jpg,http://img21.mtime.cn/mt/2010/11/17/093405.85766396_96X128.jpg,,8.5,81,黑天鹅 Black Swan (2010),2010
,,20104,维京小男孩小嗝嗝一直梦想着能像父辈那样屠龙，他击落了一条小龙，却最终和小龙成了朋友，他的世界也从此彻底改变。,,full/5d74f98e01d883e9e02db369d718a5583e75de6d.jpg,http://img31.mtime.cn/mt/2014/03/13/101557.45115810_96X128.jpg,,8.5,82,驯龙高手 How to Train Your Dragon (2010),2010
,,17750,威利在临终的父亲身旁，根据父亲讲述的那些经历虚构他所度过的光辉岁月。在这个过程中，威尔渐渐体会到父亲当时的心情……,,full/8b491d967d3cd9dc74c9cce9d73df1b1b9ce60ef.jpg,http://img31.mtime.cn/mt/2013/11/27/102640.36705068_96X128.jpg,,8.5,83,大鱼 Big Fish (2003),2003
,,14757,联邦调查局见习特工克拉丽斯为了解变态杀人犯“野牛比尔”的的特殊心理，与精神变态的精神病专家汉尼拔博士进行接触。,,full/dc54b15bbc7a175e4c620b02abfed28c79540295.jpg,http://img31.mtime.cn/mt/2013/12/27/155600.64678027_96X128.jpg,,8.5,84,沉默的羔羊 The Silence of the Lambs (1991),1991
,,13928,影片根据著名作家阿兰·摩尔的同名绘本小说改编，故事发生在虚构的未来，德国赢得了二次大战，英国成为极权国家。一个代号..,,full/a02a5940f6d153b37c67053231299d10c980c076.jpg,http://img31.mtime.cn/mt/2014/02/23/013251.13840945_96X128.jpg,,8.5,85,V字仇杀队 V for Vendetta (2005),2005
,,12445,数学家纳什读研究生时就发现了著名的博弈论，但却受到了精神分裂症的困扰。他在妻子艾丽西亚的相助下顽强抗争，并获诺贝尔奖。,,full/b03d668c0951443e9d8c811ec1a29340b92952e0.jpg,http://img31.mtime.cn/mt/2014/02/22/225340.28990943_96X128.jpg,,8.5,86,美丽心灵 A Beautiful Mind (2001),2001
,,7249,高高的天空中有一群云朵，他们像女娲一样捏出一个个小婴儿，让送子鹳带入千家万户。而他们之中有一朵忧伤的“阴云”Gus，他总..,,full/7c2855bcbb5495ac1f91b861e4dbc483491b458f.jpg,http://img31.mtime.cn/mt/2014/02/23/073659.56693087_96X128.jpg,,8.8,31,暴力云与送子鹳 Partly Cloudy (2009),2009
,,98509,一名年轻的网络黑客尼奥发现看似正常的现实世界实际上是由一个名为“矩阵”的计算机人工智能系统控制的。尼奥在一名神秘女郎崔..,,full/73b4af310bdf9ff802fc013c1da57ad668810c43.jpg,http://img31.mtime.cn/mt/2014/03/25/152146.76048887_96X128.jpg,,8.7,32,黑客帝国 The Matrix (1999),1999
,,11225,本片是昆汀向经典西部片的致敬之作，姜戈是一名获得了自由的黑人奴隶，在一名德国裔赏金猎人的帮助下，决心将妻子解救出来。,,full/23bd09037576da82e14c94a76012b2daf17afa79.jpg,http://img31.mtime.cn/mt/2014/01/10/095325.27597389_96X128.jpg,,8.5,87,被解救的姜戈 Django Unchained (2012),2012
,,10410,影片改编自凑佳苗的同名处女作小说，故事涉及校园欺凌、未成年人杀害儿童、个人复仇等冲击性内容，导演是视觉系中岛哲也。,,full/648e417e394253fe9f1b842bc67d7914a1ffa2e6.jpg,http://img31.mtime.cn/mt/2014/02/23/082621.99364976_96X128.jpg,,8.5,88,告白 Confessions (2010),2010
,,10195,一名退伍军人，因为厌恶杀戮，带着三个儿子在蒙大拿的乡野过着牧园生活。三兄弟长大后，却陷入了有违亲情的爱情之中。,,full/05fa51c0130015d264efb9235c1e0c13dc66408f.jpg,http://img31.mtime.cn/mt/2014/02/22/232245.78303334_96X128.jpg,,8.5,89,燃情岁月 Legends of the Fall (1994),1994
,,23155,本片背景为神秘的史前时代，是一场正邪较量引发的长篇故事，而拯救世界的危险任务则落在年轻的哈比族人弗罗多·巴金斯的身上。,,full/44803231db3998ce7aa8594cc2c9993ffde261a3.jpg,http://img5.mtime.cn/mt/2016/12/30/160932.10422493_96X128.jpg,,8.7,33,魔戒首部曲：魔戒现身 The Lord of the Rings: The Fellowship of the Ring (2001),2001
,,17898,世界著名指挥家皮埃尔·莫安琦(雅克·贝汉 饰)重回法国故地出席母亲的葬礼，他的旧友(戴迪亚·费拉蒙 饰)送给他一本陈旧的日记..,,full/bc12b607760ff1c918b227c2ad1e410f4b833632.jpg,http://img31.mtime.cn/mt/2014/03/14/150514.22371181_96X128.jpg,,8.7,34,放牛班的春天 Les Choristes (2004),2004
,,12348,小狮子王辛巴在众多热情的朋友的陪伴下，不但经历了生命中最光荣的时刻，也遭遇了最艰难的挑战，最后终于成为了森林之王。,,full/5aa36c30d93f6b611766ca69a6d4c957058b4f75.jpg,http://img31.mtime.cn/mt/2014/03/15/165203.17697083_96X128.jpg,,8.7,35,狮子王 The Lion King (1994),1994
,,15025,一封寄往天国的情书，开启了两段刻骨铭心的爱情……,,full/f0ce7c11fa5c3c8062e7412e74b8256c712fc25c.jpg,http://img31.mtime.cn/mt/2014/02/22/225708.86734425_96X128.jpg,,8.6,51,情书 Love Letter (1995),1995
,,,影片故事发生在欣欣向荣的动物乌托邦，在这里各种动物和平共处。尼克·王尔德是只说话速度特别溜、有着宏图伟愿的狐狸，然而他..,,full/2f1b301550418b1869abbf7e7bdff54e349e7ab9.jpg,http://img31.mtime.cn/mt/2016/01/28/092552.17985926_96X128.jpg,,,52,疯狂动物城 Zootopia (2016),2016
,,68081,在未来世界，人类为取得潘多拉星球的资源，开启了阿凡达计划。前海军队员杰克奉命出发，然而这最终是一段探索与救赎的旅程。,,full/aed98e7cba0246fe1b543a899139f0ff6ef198c0.jpg,http://img31.mtime.cn/mt/2014/09/01/221449.48366966_96X128.jpg,,8.8,21,阿凡达 Avatar (2009),2009
,,38623,一名具有钢琴天赋的孤儿历经一切的苦难：音乐、爱情及两次大战，但他从未放弃过他生长的地方。一部荡气回肠的诗意旅程电影。,,full/1acd731595934c5eb202a42d32f86cf131a6e259.jpg,http://img31.mtime.cn/mt/2014/02/22/224651.16676731_96X128.jpg,,8.8,22,海上钢琴师 The Legend of 1900 (1998),1998
,,9528,破坏王连续30年一直在游戏世界里做反派，于是某天他决心离开自己的游戏去闯荡别的电玩世界，证明自己也可以做个英雄。,,full/3f4bfb8ecde82df77d085d55aa0ba38f10679ca8.jpg,http://img5.mtime.cn/mt/2017/02/08/122416.52755570_96X128.jpg,,8.5,90,无敌破坏王 Wreck-It Ralph (2012),2012
,,12162,小月和妹妹小梅跟着爸爸搬到郊外的一间旧屋住，在新家里发现了许多有趣的东西，包括传说中的龙猫。一天，思念妈妈的小梅决定去..,,full/6c418742e434e30329e9add058a317184b9142d4.jpg,http://img5.mtime.cn/mt/2019/02/12/093218.66620998_96X128.jpg,,8.7,36,龙猫 My Neighbor Totoro (1988),1988
,,11154,皇室公主安妮访问罗马时私自出游，与美国记者乔邂逅。乔起先是为了偷拍公主，最终却爱上了她。安妮起先厌倦皇室繁文缛节，但经..,,full/c5fb794178750fea421b6c0af28b8f14eeefc545.jpg,http://img31.mtime.cn/mt/2014/03/12/143918.49241382_96X128.jpg,,8.7,37,罗马假日 Roman Holiday (1953),1953
,,14204,一次意外的邂逅、一段性感的探戈、一出恣意的飙车和一段酣畅淋漓的演讲为我们完整地勾勒出生命从毁灭到重生的全部过程。,,full/1982415692a16dc858d06838a3453de04a0f201a.jpg,http://img31.mtime.cn/mt/2014/02/22/232355.13095445_96X128.jpg,,8.6,53,闻香识女人 Scent of a Woman (1992),1992
,,11472,本片导演手法扎实但不炫耀，布洛迪的表演是全片最大的亮点。导演和男主角均获奥斯卡奖。影片本身获戛纳金棕榈奖。,,full/ab96a84e3cd1cbaed4353132ed417ae4a8bb0e2e.jpg,http://img31.mtime.cn/mt/2014/09/06/110952.46685238_96X128.jpg,,8.6,54,钢琴家 The Pianist (2002),2002
,,11298,贝肯、汤姆、梭柏和艾迪四人欠上了帮派老大亨利一笔巨款，逾期一天就剁掉一只手指。他们会采取什么不法的手段来偿还这笔钱呢？,,full/8caf9ee7fbf0bbb49ceb06aeaac80e26794a9868.jpg,http://img31.mtime.cn/mt/2014/02/22/232203.15587159_96X128.jpg,,8.6,55,"两杆大烟枪 Lock, Stock and Two Smoking Barrels (1998)",1998
,,31324,兰乔对大学填鸭式的教育十分不满，在他的引导下，其他两个朋友也对自己的人生有了新的规划，然而毕业后，兰乔选择了消失……,,full/ecd4d301154fa080fa4ec4a12a5582bb52765884.jpg,http://img21.mtime.cn/mt/2011/11/11/142149.70599382_96X128.jpg,,8.8,23,三傻大闹宝莱坞 Three Idiots (2009),2009
,,28916,影片发生在不远的未来，地球气候已经不适合粮食生长，水资源枯竭，饥荒肆掠，人类面临着灭绝的威胁。这时科学家们发现了一个神..,,full/b82ade07bbf01be64af9e41ac0e51e139ba18d70.jpg,http://img31.mtime.cn/mt/2014/10/17/094153.86737039_96X128.jpg,,8.8,24,星际穿越 Interstellar (2014),2014
,,28893,本片为导演诺兰一手打造的“新蝙蝠侠三部曲”最终章，蝙蝠侠将遇到神秘的猫女以及戴面具的恐怖分子贝恩…,,full/cb6ded8a7fe76f746cafe578b4e0ee052045df46.jpg,http://img31.mtime.cn/mt/2015/12/09/150026.89144122_96X128.jpg,,8.8,25,蝙蝠侠：黑暗骑士崛起 The Dark Knight Rises (2012),2012
,,9747,拉比达是一座飘在空中的岛，一个以科学力量支配一切的古老帝国。在古老传说中，拉比达已无人居住，蕴藏着无限财富。,,full/eaa5ddc95dd9da59e355560182960fd3f668d48e.jpg,http://img31.mtime.cn/mt/2014/02/22/230130.33587497_96X128.jpg,,8.7,38,天空之城 Laputa: Castle in the Sky (1986),1986
,,9717,本片带有强烈的阶级观，通过讽喻和警世的象征，辛辣地讽刺现实社会中的消极现象。导演在演员的选择和处理上具有特殊的才能。,,full/f4f2d7563b7d6299465f0e456f4234f22c501dfe.jpg,http://img31.mtime.cn/mt/2014/02/22/224450.49138883_96X128.jpg,,8.7,39,飞越疯人院 One Flew Over the Cuckoo's Nest (1975),1975
,,17455,本片是为热爱电影的电影工作者、电影观众而精心制作的一部关于电影的礼赞，荣获戛纳影展特别评委奖及奥斯卡最佳外语片奖。,,full/1be4371ec8391c713e2c24f36e58aa1f50de622c.jpg,http://img31.mtime.cn/mt/2014/02/22/230204.38226096_96X128.jpg,,9.0,11,天堂电影院 Nuovo cinema Paradiso (1988),1988
,,9217,在壮丽的时代画卷上演绎出一个极不寻常的爱情故事，开创了以真实而辽阔的历史背景加虚构人物故事的爱情史诗片先河。,,full/4fbe5f48a6f2b75d964d873f9c116820fa9e8e22.jpg,http://img31.mtime.cn/mt/2013/11/08/145957.19577928_96X128.jpg,,9.0,12,乱世佳人 Gone with the Wind (1939),1939
,,9904,一群受传统教育的学生和一位反传统教育的老师之间有什么是值得深思？学生们在无助的情况下所做的决定又是什么？《死亡诗社》回..,,full/9adbf401c93e70a593c9b73efdaae8a4cc53bc00.jpg,http://img31.mtime.cn/mt/2013/12/19/114247.24944099_96X128.jpg,,8.6,56,死亡诗社 Dead Poets Society (1989),1989
,,9723,影片露出一股悲悯情怀和伤感的黑色幽默，它将历史浓缩为个人命运，而命如蝼蚁般的个人命运，只能是枉自兴叹的生命之痛。,,full/98dae6bc6417e4cfa35a6a69471b96111208192f.jpg,http://img31.mtime.cn/mt/2014/06/30/093845.87930039_96X128.jpg,,8.6,57,活着 To Live (1994),1994
,,8787,本片为Mahavir Singh Phogat教授自己的两个女儿Babita Kumari和Geeta Phogat摔跤的传记片。Geeta后来成为了印度第一位女性摔跤..,,full/a68f29af4ce3c7ffb8aa23602b02657d35604719.jpg,http://img5.mtime.cn/mt/2017/05/05/095011.35177856_96X128.jpg,,8.6,58,摔跤吧！爸爸 Dangal (2016),2016
,,27464,印度少年派出海后遭遇灾难，身边只有一艘救生艇跟一只凶猛的孟加拉虎。派有可能度过这场灾难吗？他要如何和这只老虎共处呢？,,full/64203d99d675fb2dea0cbbab461a3661d4b53541.jpg,http://img31.mtime.cn/mt/2014/01/09/164644.22953541_96X128.jpg,,8.8,26,少年派的奇幻漂流 Life of Pi (2012),2012
,,13928,影片讲述了一个发生在两位笔友之间的非常简单的故事。玛丽·丁克尔（托妮·科莱特 配音）是一个居住在墨尔本市区的胖乎乎的有..,,full/a69a319a71bb832c03ec8670b0b4992119495325.jpg,http://img31.mtime.cn/mt/2014/02/23/064812.38936535_96X128.jpg,,8.8,27,玛丽和马克思 Mary and Max (2009),2009
,,13495,故事讲述一位大学教授（理查·基尔饰）收养了一只小秋田犬，取名“八公”。之后的每天，八公早上将教授送到车站，傍晚等待教授..,,full/48cdabae0f0e2955002ca2b5272ba1bb35f4a5d2.jpg,http://img31.mtime.cn/mt/2014/02/23/060511.92518039_96X128.jpg,,8.8,28,忠犬八公的故事 Hachiko: A Dog's Story (2009),2009
,,9177,取材于小说《生存》，提炼了“农民愚昧”和“战争荒诞”的一面，笔锋直指国人弱点，将更多忧患意识注入影像化的故事中。,,full/1a3b9c31062cbb787650fc37453a3e7473b4a892.jpg,http://img31.mtime.cn/mt/2014/02/22/224614.64675869_96X128.jpg,,8.7,40,鬼子来了 Devils on the Doorstep (2000),2000
,,7914,影片讲述一个鞋匠家庭出身的12岁小男孩米格尔，自幼有一个音乐梦，但音乐却是被家庭所禁止的，他们认为自己被音乐诅咒了。在米..,,full/55424c0834f93d6595772883e3bdbccf3f80708a.jpg,http://img5.mtime.cn/mt/2017/12/02/172158.15874011_96X128.jpg,,9.0,13,寻梦环游记 Coco (2017),2017
,,6192,这部以陪审团为主角的法庭戏节奏利落，结构紧凑，主题严肃，丝毫不因故事场景的局限性而显得沉闷，而且众多演员均有精彩表演。,,full/bdbf8a82c4a9b65c584465fc9889457151833dd0.jpg,http://img5.mtime.cn/mt/2018/04/10/093745.15273839_96X128.jpg,,9.0,14,十二怒汉 12 Angry Men (1957),1957
,,61682,影片以1912年泰坦尼克号邮轮在其处女启航时触礁冰山而沉没的事件为背景，描述了处于不同阶层的两个人——穷画家杰克和贵族女露..,,full/ba4741b1fbacb6a6e88ee640ad8ab509a9ef1a15.jpg,http://img21.mtime.cn/mt/2012/04/06/101417.97070113_96X128.jpg,,8.9,15,泰坦尼克号 Titanic (1997),1997
,,8514,《幽灵公主》主题是人与自然的关系，描述了人类为了发展技术力量不断破坏自然，从而受到自然的报复为之付出代价的故事。,,full/f8ba1e7a7c32563c0dab24287b6a73b024a9a22e.jpg,http://img31.mtime.cn/mt/2014/02/22/230741.66801332_96X128.jpg,,8.6,59,幽灵公主 Princess Mononoke (1997),1997
,,7720,本片是2011年法国影坛的最大黑马，上映四周观影人次超过1千8百万，成为年度票房冠军，并获东京电影节最佳影片奖。,,full/6f33c25047223beb317e80eb57bf686529af245f.jpg,http://img31.mtime.cn/mt/2015/05/08/112850.71599127_96X128.jpg,,8.6,60,无法触碰 Intouchables (2011),2011
,,13010,这是一部纪录迈克尔·杰克逊在生前准备告别演唱会的影片，完整呈现他对演唱会每个环节事必躬亲参与并提供创意的各个细节。,,full/f8301c975bec52b159216d818e2398ec3bc07001.jpg,http://img31.mtime.cn/mt/2014/02/23/075434.20623674_96X128.jpg,,8.8,29,迈克尔·杰克逊：就是这样 This Is It (2009),2009
,,9203,勇哥（徐峥）本来是卖印度神油保健品，机缘凑巧下为了帮慢粒白血病人，从印度带回了天价药（格列宁）的仿制药并私自贩卖，引起..,,full/facaf3b8a85327f99e4584f19610b647923305b9.jpg,http://img5.mtime.cn/mt/2018/06/21/102400.44145684_96X128.jpg,,8.8,30,我不是药神 Dying To Survive (2018),2018
,,8237,影片改编自韩国“三大未解悬案”之一的“雨夜连环强奸杀人案”，拍摄手法娴熟，张弛有度，确立了奉俊昊导演的个人表现风格。,,full/4df6620ef1a04eff53857292b6a7546cb8e6aa9c.jpg,http://img31.mtime.cn/mt/2014/02/22/225455.29950217_96X128.jpg,,8.7,41,杀人回忆 Memories of Murder (2003),2003
,,6349,1938年奥地利萨尔兹堡，年轻活泼的修女玛丽亚到退役海军上校冯·特拉普家，照顾他的七个孩子。冯·特拉普上校虽然冷漠严厉，但..,,full/4fdcab0d81004f00338ca0915848c02fbf9a834f.jpg,http://img31.mtime.cn/mt/2014/02/22/231733.17933675_96X128.jpg,,8.7,42,音乐之声 The Sound of Music (1965),1965
,,27685,这部具强烈芬奇色彩、以死亡为主题的黑色喜剧一反好莱坞商业片模式，映像狂放，手法天马行空，情景怪诞核突，可谓一部视觉杰作。,,full/239044ea2ad1a3af43f0667a4376414ecef787f6.jpg,http://img31.mtime.cn/mt/2014/10/01/014751.44127701_96X128.jpg,,8.9,16,搏击俱乐部 Fight Club (1999),1999
,,10025,《美国往事》并不是一部风格明显的类型片，从某种程度上说这是一部纯粹的作者电影，它承载了赛尔乔·莱翁内所有的“美国情结”。,,full/a469ebdce70bf5819ed997de9c7e819c3ef3d26b.jpg,http://img31.mtime.cn/mt/2014/02/12/140856.23296398_96X128.jpg,,8.9,17,美国往事 Once Upon a Time in America (1984),1984
,,6278,将近三个小时的影像细腻而漫长，其间没有大起大落，只是一直温和的诉说，讲述那些我们日夜重复的事情。,,full/5321c8ec46f7a31c6b1bbe57a7cf7d26f1272e82.jpg,http://img31.mtime.cn/mt/2013/12/04/173625.19714267_96X128.jpg,,8.7,43,一一 Yi yi: A One and a Two (2000),2000
,,4844,影片聚焦于逃脱于社会秩序之外的主人翁是如何在法律和道德的边缘建立起自己的“完美的世界”的，主题则是人生、自由和信仰。,,full/6ba85010666bbe0058bb5150868492d2fbfd7255.jpg,http://img31.mtime.cn/mt/2013/12/30/180041.39877079_96X128.jpg,,8.7,44,完美的世界 A Perfect World (1993),1993
,,9880,本片既是第一集的前传，也是续集。一方面，年轻的维托展现出前辈教父的创业史，另一方面，迈克作为新一代将黑手党家族现代化。,,full/39fb6cabf798f69e2dc67706ff253a863ec9b8cc.jpg,http://img31.mtime.cn/mt/2015/07/22/095736.99846727_96X128.jpg,,8.9,18,教父2 The Godfather: Part II (1974),1974
,,7556,法国导演雅克·贝汉与雅克·克鲁佐德深入探索这个覆盖着地球表面的四分之三的“蓝色领土”，完整地呈现海洋的壮美辽阔。,,full/b85fd7f8bad8ba1357036ae9c087c3586bea747e.jpg,http://img31.mtime.cn/mt/2016/09/07/171052.22583695_96X128.jpg,,8.9,19,海洋 Océans (2009),2009
,,63259,1947年，年轻有为的大银行副总裁安迪（蒂姆·罗宾斯 饰）因涉嫌枪杀妻子和与之偷情的高尔夫球教练被判处两个无期徒刑，他将在..,,full/1b963aee2bceabe32c7cd53baf29a93ee0de8aa8.jpg,http://img31.mtime.cn/mt/2014/03/07/123549.37376649_96X128.jpg,,9.2,1,肖申克的救赎 The Shawshank Redemption (1994),1994
,,70234,本片被定义为“发生在意识结构内的当代动作科幻片”，诺兰继《黑暗骑士》后再次给我们带来惊喜，带观众游走于梦境与现实之间。,,full/cd7e9d3ff937e1e70a434725f6360d2b34613b56.jpg,http://img31.mtime.cn/mt/2014/01/06/105446.89493583_96X128.jpg,,9.1,2,盗梦空间 Inception (2010),2010
,,52301,他是一个占据着成年人躯体的幼童、一个圣贤级的傻子、一个超越真实的普通人、一个代表着民族个性的小人物。,,full/0c18abadca377fcae2bcf8c2b14a57bd71b89365.jpg,http://img31.mtime.cn/mt/2014/06/17/145457.44209161_96X128.jpg,,9.1,3,阿甘正传 Forrest Gump (1994),1994
,,35871,一个名叫卡尔的老人，一生都梦想着能环游世界。在他生命的最后阶段，仿佛在命运的安排下，与8岁的罗素一同踏上了冒险的旅程。,,full/2690d4f3a81f062f9b924b496fde12543c7b8993.jpg,http://img31.mtime.cn/mt/2014/03/16/170353.61991681_96X128.jpg,,8.6,45,飞屋环游记 Up (2009),2009
,,33047,一个现代灰姑娘的童话，镜头底下的巴黎是比明信片更加明媚的世外桃源，把少女的悸动和憧憬化成一幕幕迷人的画卷。,,full/8686732e74e52a3bb8ea883fc609b2239bcb04a6.jpg,http://img21.mtime.cn/mt/2012/02/14/111655.86253293_96X128.jpg,,8.6,46,天使爱美丽 Amelie (2001),2001
,,19779,霍比特人弗罗多和他的朋友山姆，继续前往魔多山要完成摧毁魔戒的任务，一场魔戒圣战即将展开……,,full/a765f8290777c40ad2fdac5ca22a6b955b68ab0e.jpg,http://img5.mtime.cn/mt/2016/12/30/161051.34765047_96X128.jpg,,8.6,47,魔戒二部曲：双塔奇兵 The Lord of the Rings: The Two Towers (2002),2002
,,3304,黑泽明第一部真正加入西片趣味的时代剧，描写日本战国时代，贫穷百姓为保卫家园，与雇来的七位武士联手击退强盗的故事。,,full/27a949bac5a3e8757ec19385eaac856b9ce3bb05.jpg,http://img31.mtime.cn/mt/2014/04/25/203141.15149920_96X128.jpg,,8.9,20,七武士 The Seven Samurai (1954),1954
,,24527,德国投机商人辛德勒为了赚钱，在自己的工厂中使用廉价的犹太人。面对纳粹的屠杀，辛德勒开始想法保护尽可能多的犹太人。,,full/2d631d31f37fc9babd2b6b5235af1b83dce1b8ed.jpg,http://img31.mtime.cn/mt/2013/11/29/102947.25583478_96X128.jpg,,9.1,4,辛德勒的名单 Schindler's List (1993),1993
,,22213,1945年夏天，美国本部黑手党科莱昂家族首领，“教父”维托·唐·科莱昂为小女儿康妮举行了盛大的婚礼。“教父”有三个儿子：好..,,full/661c8f4ffce55ba584178a92bc89b412e7339832.jpg,http://img31.mtime.cn/mt/2013/12/23/133539.17727433_96X128.jpg,,9.1,5,教父 The Godfather (1972),1972
,,8171,日本的太地町是一个风光秀丽的美丽海湾，然而每年这里有23000头海豚被日本渔民捕杀。本片对这一残忍的行为进行谴责。,,full/658ff60cdba0f0af0e08071a48e0aef6a19746f2.jpg,http://img31.mtime.cn/mt/2016/07/28/145303.88789702_96X128.jpg,,9.1,6,海豚湾 The Cove (2009),2009
,,44772,虽然是姜文导演的商业作品，但紧张的节奏，幽默的对白，丰富的想象力，使电影仍然被贴着醒目的标签——姜文制造。,,full/79a9d9526f54950e565369fbb9cd27fb692623e3.jpg,http://img21.mtime.cn/mt/2010/11/23/102316.52177023_96X128.jpg,,8.5,71,让子弹飞 Let The Bullets Fly (2010),2010
,,6144,通过一对母子各自的“瘾”，表现了生活中存在的形形色色的不良追求。导演达伦·阿罗诺夫斯以其大胆探索的表现方式闻名，本片令..,,full/89706db095ad55b1faf99d1220995f91882a94b0.jpg,http://img31.mtime.cn/mt/2014/02/22/234526.98936381_96X128.jpg,,8.6,61,梦之安魂曲 Requiem for a Dream (2000),2000
,,5833,悲剧性、戏剧性、寓言性和实在性多种元素，在中岛哲也的影像世界中融为一体，这是一个名叫松子的女人看似不幸的幸福故事。,,full/053f86371ae38cf506d0ea9148f974ed8be9744b.jpg,http://img31.mtime.cn/mt/2014/02/23/033724.51239358_96X128.jpg,,8.6,62,被嫌弃的松子的一生 Memories of Matsuko (2006),2006
,,18985,《低俗小说》由“文森特和马沙的妻子”、“金表”、“邦妮的处境”三个故事以及影片首尾的序幕和尾声五个部分组成。　　盗贼“..,,full/07aa638f51dacacb1819bbc2b067bf73b7eddaa3.jpg,http://img31.mtime.cn/mt/2014/02/22/224328.35081501_96X128.jpg,,8.6,48,低俗小说 Pulp Fiction (1994),1994
,,17757,小男孩安弟长大成人，准备离家前往大学，他妈妈错把玩具送到幼儿园。玩具们惨遭蹂躏，于是它们决定展开一个伟大的逃跑计划。,,full/916c1d695077ef16783de23d5a8571e0c8d86de6.jpg,http://img31.mtime.cn/mt/2016/09/02/155737.19712583_96X128.jpg,,8.6,49,玩具总动员3 Toy Story 3 (2010),2010
,,15919,女孩朱莉小时候就喜欢男孩布莱斯，不过布莱斯并不喜欢她。随着年龄的增长，布莱斯觉得朱莉很有魅力，朱莉反而觉得他很空洞……,,full/33a16493f841e96cea00373f65d191992ce44a63.jpg,http://img21.mtime.cn/mt/2011/01/02/002740.33762853_96X128.jpg,,8.6,50,怦然心动 Flipped (2010),2010
,,52798,WALL·E已经在地球上孤独地生活几百年了，他爱上了自己遇见的第一个机器人伊芙，并跟随着她展开了一场充满奇幻的太空之旅。,,full/863ecc9030a0843c0fd2a54fe82b64d6d5b9a886.jpg,http://img31.mtime.cn/mt/2013/11/20/172527.42989246_96X128.jpg,,9.0,7,机器人总动员 WALL·E (2008),2008
,,51924,本片是吕克·贝松在好莱坞执导的第一部作品，非同一般的剧情、人物的精彩演出及出色的配乐使其成为九十年代动作片的经典之作。,,full/50001ab0fd4d4f46c07397a29e1d09cc279f5c96.jpg,http://img31.mtime.cn/mt/2014/09/12/102734.13658001_96X128.jpg,,9.0,8,这个杀手不太冷 Léon (1994),1994
,,31872,继续以拯救生命、打击犯罪为己任的“蝙蝠侠”，遭遇到了最具威胁性的对手“小丑”，一个喜欢将自己的脸上涂满了油彩的犯罪专家。,,full/a4e2cfcaabad3c5f89e0300bfe28f30913707ac0.jpg,http://img31.mtime.cn/mt/2014/02/23/035905.95742424_96X128.jpg,,9.0,9,蝙蝠侠：黑暗骑士 The Dark Knight (2008),2008
,,35717,一个穷途潦倒的单亲爸爸，因事业失败无家可归，却还得担起抚养儿子的重担。为了儿子的未来，他重新振作，终于皇天不负苦心人。,,full/1fd0f0b350a2345975b7cb5b213406b8bb7f1882.jpg,http://img31.mtime.cn/mt/2013/10/25/165854.19018972_96X128.jpg,,8.5,72,当幸福来敲门 The Pursuit of Happyness (2006),2006
,,34305,作为“复仇三部曲”的第二部，《老男孩》依然延续了前一部为挚爱的人而复仇的主题，但是在影像的处理上却作了一个极大的变动。,,full/482aae61526ef27e74e8a91b0fbfa256a41d4432.jpg,http://img31.mtime.cn/mt/2014/02/22/231417.87245989_96X128.jpg,,8.5,73,老男孩 Old Boy (2003),2003
,,34122,一部机器人的爱情童话。影片的美工、布景、配乐非常出色。约翰尼·德普凭借眼神与姿态塑造出了影史上最令人难忘的形象之一。,,full/13bb5f4a0946c070d813e23ebc919d09e7135da2.jpg,http://img31.mtime.cn/mt/2013/02/04/002655.71225669_96X128.jpg,,8.5,74,剪刀手爱德华 Edward Scissorhands (1990),1990
,,4620,导演阿斯哈·法哈蒂用他冷静、客观又充满关切的镜头风格，展现了当代伊朗人在亲情和宗教生活方面的纠结，影射批判了伊朗等级分..,,full/a30402e5afe1387cff3c0042bf4915520fb6ca8f.jpg,http://img31.mtime.cn/mt/2012/10/26/100020.67786006_96X128.jpg,,8.6,63,一次别离 A Separation (2011),2011
,,4317,尽管难以置信，这一切还是发生了。影片根据真实事件改编，退伍归来的孔侑扮演一名正义感强烈的教授，带你揭开一所聋哑学校里不..,,full/6e20bbbadb243fb26796014a28d99fbf569bb5c3.jpg,http://img21.mtime.cn/mt/2011/09/08/105047.59754019_96X128.jpg,,8.6,64,熔炉 Silenced (2011),2011
,,4085,影片讲述了一件发生于竹林中发凶杀案，涉及盗贼、武士及妻子三人，武士被杀，妻子被强奸。由这三人的对话而正式展开。,,full/9929bde1c2c0baa41d530ce376911fac0bc02e5f.jpg,http://img31.mtime.cn/mt/2014/02/22/225246.95159116_96X128.jpg,,8.6,65,罗生门 Rashômon (1950),1950
,,30746,影片围绕两个京剧艺人半个世纪的悲欢离合，展现了对传统文化、人的生存状态及人性的思考与领悟。,,full/7630ce8a71b7bacff8372980544f5bb7556686f9.jpg,http://img31.mtime.cn/mt/2014/03/12/145818.13256925_96X128.jpg,,9.0,10,霸王别姬 Farewell My Concubine (1993),1993
,,33760,本杰明以老人形象降生人世，之后越活越年轻。11岁时，他遇上了6岁的黛西，两人在成长中相恋，然而本杰明奇特的生命却成了障碍。,,full/ad3ee5d2bf09cfdf438d7123aff76f4e4b30abb0.jpg,http://img31.mtime.cn/mt/2016/02/29/085022.89316381_96X128.jpg,,8.5,75,本杰明·巴顿奇事 The Curious Case of Benjamin Button (2008),2008
,,31677,天主教中有七种死罪，然而一场离奇的连环杀人案，受害者都是死于这七宗罪其中的一种。凶手下一个目标将会是谁？,,full/4b1aeb7717e2a84beca28d93b0c6bbd75aaca4bf.jpg,http://img31.mtime.cn/mt/2014/02/22/225559.82379890_96X128.jpg,,8.5,76,七宗罪 Se7en (1995),1995
,,26148,本片以13-14世纪英格兰的宫廷政治为背景，以战争为核心，讲述了苏格兰起义领袖威廉·华莱士与英格兰统治者不屈不挠斗争的故事。,,full/d2b8b95725055ab0d9e09ee24ef739846ff83d57.jpg,http://img31.mtime.cn/mt/2014/02/22/230733.90049340_96X128.jpg,,8.5,77,勇敢的心 Braveheart (1995),1995
,,4039,美国白人军官邓巴在南北战争之后自愿到西部前线驻守，结果跟语言不通文化不同的苏族战士交上了朋友，并还改名为“与狼共舞”。,,full/5ac47bd2c085ba6fd7e1e648e673d3d3a795b4e4.jpg,http://img31.mtime.cn/mt/2014/02/22/231939.15704647_96X128.jpg,,8.6,66,与狼共舞 Dances with Wolves (1990),1990
,,3952,在混合着危险的异国情调的浪漫中，男女主角在乱世重逢，亨佛莱·鲍嘉硬汉式的沧桑，和英格丽·褒曼沉默中的娇柔，各自都有着身..,,full/f983caf3e8da745ef08302638dc56d9bc5f24670.jpg,http://img31.mtime.cn/mt/2013/12/26/103652.90504519_96X128.jpg,,8.6,67,卡萨布兰卡 Casablanca (1942),1942
,,3696,这部拍摄于1960年的黑白片可谓恐怖惊悚片的经典代表之作，同时也是希区柯克首次探索精神分裂杀人狂的划时代视听艺术作品。,,full/12cc378a0e6ea8d0f76b1ed77afb756ad8a6270f.jpg,http://img31.mtime.cn/mt/2012/10/10/100916.37827530_96X128.jpg,,8.6,68,惊魂记 Psycho (1960),1960
,,22595,这部电影无疑是多年来的香港警匪类型片的新突破，影片一改以往单一的线索和节奏，而将重点完全放到人物身上。,,full/7d7ffe17aa15fcb645b09d1991b071cbedf6e233.jpg,http://img31.mtime.cn/mt/2014/02/22/230340.66768202_96X128.jpg,,8.5,78,无间道 Infernal Affairs (2002),2002
,,22159,金·凯瑞以其讨人喜爱的正派形象，还有关键时候怒火的爆发力，诠释了一个终生被人摆布、遭人愚弄的普通人典型。,,full/b2076740b43290e17c84155bbc80b0a0e503795e.jpg,http://img31.mtime.cn/mt/2014/02/22/224224.35649043_96X128.jpg,,8.5,79,楚门的世界 The Truman Show (1998),1998
,,3211,二战期间，英国轰炸中队第一支遣队在执行一次名为“鸳鸯茶”的轰炸任务中，一架被德军防空武器击中，几个机上人员被迫跳伞逃生..,,full/97e3d547f5ec425bbd215482163a5e6b56483ed9.jpg,http://img31.mtime.cn/mt/2014/02/22/224746.27229741_96X128.jpg,,8.6,69,虎口脱险 La Grande vadrouille (1966),1966
,,69481,罗贝托·贝尼尼自导自演，本片发挥了高度创意，用妙想天开的方式将纳粹迫害犹太人的题材点石成金，颇有点卓别林喜剧的效果。,,full/ce448388ecb5ac9a40915ae91d15a8083a13123a.jpg,http://img31.mtime.cn/mt/2014/02/22/225339.79221242_96X128.jpg,,8.5,70,美丽人生 La Vita e bella (1997),1997
,,21003,作为这部跨度十年、有着众多拥趸的奇幻史诗的终结篇，最引人瞩目就是哈利·波特和伏地魔在霍格沃茨的终极大战。,,full/d055a45fbcb0f23f53966c7ef57dde7b63c19edc.jpg,http://img31.mtime.cn/mt/2016/09/09/121730.50602138_96X128.jpg,,8.5,80,哈利·波特与死亡圣器(下) Harry Potter and the Deathly Hallows: Part 2 (2011),2011
